cantica;canto;start_verse;end_verse;text;author;type
Inferno;1;1;9;Dante, having lost his way, in a dark wood;hollander;outline
Inferno;1;10;21;Hint of dawn: the sun on a mountaintop;hollander;outline
Inferno;1;22;27;Simile: survivor of shipwreck looking back at sea;hollander;outline
Inferno;1;28;36;"Journey resumed; ascending the slope; a leopard";hollander;outline
Inferno;1;37;43;Dawn and reassurance;hollander;outline
Inferno;1;44;54;"A lion renews his fear; a she-wolf drives him back";hollander;outline
Inferno;1;55;60;Simile: merchant (or gambler?) losing everything;hollander;outline
Inferno;1;61;66;Apparition (of Virgil) and Dante’s first words;hollander;outline
Inferno;1;67;75;Virgil identifies himself;hollander;outline
Inferno;1;76;78;His pointed question to Dante;hollander;outline
Inferno;1;79;90;"Dante’s recognition, praise of Virgil; plea for aid";hollander;outline
Inferno;1;91;100;Virgil’s warning: power of the she-wolf;hollander;outline
Inferno;1;101;111;Virgil’s prophecy of the hound that will defeat her;hollander;outline
Inferno;1;112;120;Virgil will guide Dante through two realms to a third;hollander;outline
Inferno;1;121;129;Virgil: a second guide will take him to those in bliss, since he is not allowed into that realm;hollander;outline
Inferno;1;130;135;Dante agrees to be led through the first two realms;hollander;outline
Inferno;1;136;136;The two set out;hollander;outline
Inferno;2;1;6;Dante, “alone” with Virgil, prepares for the journey;hollander;outline
Inferno;2;7;9;"Invocation (Muses, “lofty genius”); his worthy memory";hollander;outline
Inferno;2;10;36;Dante’s uncertainty as to his qualifications;hollander;outline
Inferno;2;37;42;Simile: a man unwilling to do what he has resolved;hollander;outline
Inferno;2;43;48;Virgil: Dante is a coward;hollander;outline
Inferno;2;49;74;Virgil tells of his encounter with Beatrice in Limbo;hollander;outline
Inferno;2;75;84;"Virgil will lead Dante; why is Beatrice not fearful?";hollander;outline
Inferno;2;85;93;Beatrice’s response: the saved are proof against hell;hollander;outline
Inferno;2;94;114;A lady in heaven (Mary), Lucy, and Beatrice all help;hollander;outline
Inferno;2;115;120;Tears of Beatrice induce Virgil to begin at once;hollander;outline
Inferno;2;121;126;Virgil chides Dante for his cowardice;hollander;outline
Inferno;2;127;130;Simile: flowers raised and opened by sun;hollander;outline
Inferno;2;131;135;"Dante’s renewed vigor; debt to Beatrice and to Virgil";hollander;outline
Inferno;2;136;140;Dante has again embraced his first resolve;hollander;outline
Inferno;2;141;142;The two again set out;hollander;outline
Inferno;3;1;9;Words inscribed above the gate of hell;hollander;outline
Inferno;3;10;12;Having read them, Dante is afraid;hollander;outline
Inferno;3;13;21;Virgil admonishes, then encourages, Dante;hollander;outline
Inferno;3;22;30;Tumultuous sound made by mouths and hands;hollander;outline
Inferno;3;31;33;Dante asks who these shades (in Circle “zero”) are;hollander;outline
Inferno;3;34;42;Virgil: the neutrals and the neutral angels;hollander;outline
Inferno;3;43;44;Dante wants to know the reason for their lamentation;hollander;outline
Inferno;3;45;51;Virgil: they would rather be anyone but themselves;hollander;outline
Inferno;3;52;57;Dante watches shades following a wavering banner;hollander;outline
Inferno;3;58;63;He knows some, and one who “made the great refusal”;hollander;outline
Inferno;3;64;69;They are stung by insects that make their faces bleed;hollander;outline
Inferno;3;70;75;Looking ahead, Dante sees a crowd at a riverbank;hollander;outline
Inferno;3;76;78;Virgil says his questions will be answered later;hollander;outline
Inferno;3;79;81;Dante’s shame at this implicit criticism;hollander;outline
Inferno;3;82;93;"Appearance of Charon; his refusal to ferry Dante";hollander;outline
Inferno;3;94;99;Virgil’s rejoinder stills Charon;hollander;outline
Inferno;3;100;111;"Shades, cursing, enter his skiff; he strikes laggards";hollander;outline
Inferno;3;112;120;Similes: leaves in fall, falcon returning to falconer;hollander;outline
Inferno;3;121;126;Virgil: the damned want the justice of their penalty;hollander;outline
Inferno;3;127;129;Virgil explains Charon’s desire not to include Dante;hollander;outline
Inferno;3;130;136;The earthquake and Dante’s fainting fit;hollander;outline
Inferno;4;1;3;Dante awakened by “thunder” (after “lightning”);hollander;outline
Inferno;4;4;12;Once again Dante cannot see in the darkness;hollander;outline
Inferno;4;13;18;Virgil’s pallor entering the first Circle;hollander;outline
Inferno;4;19;22;Virgil says his face is pale from pity, not fear;hollander;outline
Inferno;4;23;30;To Dante the lament here seems less mournful (sighs);hollander;outline
Inferno;4;31;42;Virgil is eager for Dante’s questions about those who dwell in Limbo, sinless, but without faith;hollander;outline
Inferno;4;43;45;Dante grieves, realizing many good people are here;hollander;outline
Inferno;4;46;50;Dante: has anyone gone from Limbo to heaven?;hollander;outline
Inferno;4;51;63;Virgil describes the harrowing of hell, which he saw;hollander;outline
Inferno;4;64;72;The lightest place in hell: honorable souls;hollander;outline
Inferno;4;73;75;Dante: why are these set apart in the light?;hollander;outline
Inferno;4;76;78;Virgil: their fame on earth has this result in heaven;hollander;outline
Inferno;4;79;81;Dante hears a voice welcome Virgil on his return;hollander;outline
Inferno;4;82;93;The poets (Homer, Horace, Ovid, Lucan) approach;hollander;outline
Inferno;4;94;102;The “school” greets Dante and includes him among them;hollander;outline
Inferno;4;103;105;Unreported discourse of the six poets;hollander;outline
Inferno;4;106;117;The “noble castle” and its inner meadow;hollander;outline
Inferno;4;118;129;Greeks, Romans, and Saladin: active life (14 named);hollander;outline
Inferno;4;130;144;Greeks, Romans, Arabs: contemplative life (21 named);hollander;outline
Inferno;4;145;147;The poet insists on his inability to give a full account;hollander;outline
Inferno;4;148;151;Virgil and Dante move on to less peaceful precincts;hollander;outline
Inferno;5;1;3;Descent to the second Circle: the lustful;hollander;outline
Inferno;5;4;15;Proem: Minos judge of the damned;hollander;outline
Inferno;5;16;20;Minos attempts to discourage Dante;hollander;outline
Inferno;5;21;24;Virgil repeats his magical phrase (III.95–96);hollander;outline
Inferno;5;25;30;Again, impressions of sound are the first Dante has;hollander;outline
Inferno;5;31;39;The “hellscape”: weeping, darkness, storm;hollander;outline
Inferno;5;40;49;Two similes: starlings and cranes;hollander;outline
Inferno;5;50;51;"Dante wants to know who are punished here; Virgil:";hollander;outline
Inferno;5;52;63;Semiramis, Dido, Cleopatra;hollander;outline
Inferno;5;64;69;Helen, Achilles, Paris, Tristan, and many others;hollander;outline
Inferno;5;70;78;Dante’s piteous reaction and desire to speak;hollander;outline
Inferno;5;79;81;He calls out to the pair of lovers;hollander;outline
Inferno;5;82;87;Simile: doves returning to nest;hollander;outline
Inferno;5;88;96;Francesca’s first speech: her kind words for Dante’s kindness;hollander;outline
Inferno;5;97;99;She is from Ravenna;hollander;outline
Inferno;5;100;108;Love … Love … Love…: her litany of joy, woe;hollander;outline
Inferno;5;109;111;Dante’s reaction and Virgil’s laconic question;hollander;outline
Inferno;5;112;120;Dante’s rumination and question to Francesca;hollander;outline
Inferno;5;121;126;Francesca’s second response: despite the pain it will cause, she will speak;hollander;outline
Inferno;5;127;129;She and Paolo were reading of Lancelot in love;hollander;outline
Inferno;5;130;138;Enflamed by the reading, they embraced;hollander;outline
Inferno;5;139;142;Coda: Francesca concludes, Paolo weeps, Dante faints;hollander;outline
Inferno;6;1;6;Dante recovers from his syncope to find a new place;hollander;outline
Inferno;6;7;12;The third Circle: cold downpour on stinking ground;hollander;outline
Inferno;6;13;21;"Cerberus presides, barking; he flays the sinners";hollander;outline
Inferno;6;22;27;Cerberus’s opposition and Virgil’s “sop” for him;hollander;outline
Inferno;6;28;33;Simile: dog ravenously gulping food;hollander;outline
Inferno;6;34;37;Dante and Virgil pass over the prone shades;hollander;outline
Inferno;6;38;42;Florence: Ciacco recognizes Dante and presents himself;hollander;outline
Inferno;6;43;48;Dante does not recognize him, transfigured by pain;hollander;outline
Inferno;6;49;57;Ciacco identifies himself and his sin: gluttony;hollander;outline
Inferno;6;58;63;Dante asks his views on the likely future of the city;hollander;outline
Inferno;6;64;72;Ciacco: first the Whites, then the Blacks, will win;hollander;outline
Inferno;6;73;76;The just are few, the sinners many;hollander;outline
Inferno;6;77;84;Dante wants to know the afterlife of five townsmen;hollander;outline
Inferno;6;85;87;Ciacco: all are in hell, as Dante will perhaps see;hollander;outline
Inferno;6;88;90;Ciacco would like to be remembered to those above;hollander;outline
Inferno;6;91;93;He returns to his hebetude;hollander;outline
Inferno;6;94;99;Virgil: he will wake no more until the last trumpet;hollander;outline
Inferno;6;100;111;Virgil on the increase of eternal pain for the damned;hollander;outline
Inferno;6;112;115;They talk until they are ready to descend: Plutus;hollander;outline
Inferno;7;1;15;"Proem: Plutus speaks; Virgil answers; Plutus collapses";hollander;outline
Inferno;7;16;21;The fourth Circle and Dante’s apostrophe of Justice;hollander;outline
Inferno;7;22;24;Simile: waves meeting between Charybdis and Scylla;hollander;outline
Inferno;7;25;35;The avaricious and prodigal at their “jousts”;hollander;outline
Inferno;7;36;39;Dante: are the tonsured ones all clerics?;hollander;outline
Inferno;7;40;48;Virgil’s response is affirmative;hollander;outline
Inferno;7;49;51;Dante expects to recognize the sinners here;hollander;outline
Inferno;7;52;66;Virgil: no, their sin makes them indistinguishable;hollander;outline
Inferno;7;67;69;Dante: what is the “Fortune” of which you speak?;hollander;outline
Inferno;7;70;96;Virgil’s pronouncements on the role of Fortune;hollander;outline
Inferno;7;97;99;Virgil prepares Dante for descent to the fifth Circle;hollander;outline
Inferno;7;100;108;Their descent, following its source, to Styx;hollander;outline
Inferno;7;109;116;The bog, with the wrathful in conflict with one another;hollander;outline
Inferno;7;117;126;And those below the water, sighing and gurgling;hollander;outline
Inferno;7;127;130;Coda: retrospect over Styx, prospect of tower;hollander;outline
Inferno;8;1;6;Signal lights and an answering light;hollander;outline
Inferno;8;7;12;Dante’s questions and Virgil’s reply;hollander;outline
Inferno;8;13;16;Simile: swiftly flying arrow;hollander;outline
Inferno;8;17;24;"Phlegyas, his skiff; his wrath at Virgil’s rebuke";hollander;outline
Inferno;8;25;30;Dante’s weight displaces water beneath the skiff;hollander;outline
Inferno;8;31;39;Filippo Argenti: hostile exchange with Dante;hollander;outline
Inferno;8;40;48;Filippo Argenti: Dante’s reaction and Virgil’s assent;hollander;outline
Inferno;8;49;51;Virgil’s musing on the wealth of kings;hollander;outline
Inferno;8;52;64;Filippo Argenti: Dante’s wish and its fulfillment;hollander;outline
Inferno;8;65;81;Approach to Dis and arrival in Phlegyas’s skiff;hollander;outline
Inferno;8;82;85;Rebel angels decry the approach of living Dante;hollander;outline
Inferno;8;86;93;They will parley, but with Virgil alone;hollander;outline
Inferno;8;94;96;First address to reader in the poem;hollander;outline
Inferno;8;97;108;Dante’s concerns and Virgil’s comforting;hollander;outline
Inferno;8;109;111;Virgil leaves Dante alone for the first time;hollander;outline
Inferno;8;112;120;"The rebel angels rebel once again; Virgil’s chagrin";hollander;outline
Inferno;8;121;130;Virgil’s promise of aid from above;hollander;outline
Inferno;9;1;15;Dante’s pallor, Virgil’s reaction, Dante’s response;hollander;outline
Inferno;9;16;21;Dante’s pointed question and Virgil’s general response;hollander;outline
Inferno;9;22;30;A precision: his previous journey to the pit of hell;hollander;outline
Inferno;9;31;33;Virgil: a need now for assistance in entering the city;hollander;outline
Inferno;9;34;54;The Furies and their threat: Medusa;hollander;outline
Inferno;9;55;60;Virgil’s ministrations to threatened Dante;hollander;outline
Inferno;9;61;63;Address to reader (second in poem);hollander;outline
Inferno;9;64;72;Simile: sound of advancing storm;hollander;outline
Inferno;9;73;75;Virgil uncovers Dante’s eyes as the “storm” approaches;hollander;outline
Inferno;9;76;81;Simile: frogs leaving pond at the advent of a snake;hollander;outline
Inferno;9;82;90;Dante obeisant before the messenger’s angelic disdain;hollander;outline
Inferno;9;91;103;His speech to the fallen angels and abrupt departure;hollander;outline
Inferno;9;104;109;The poets’ entrance into Dis, force no longer needed;hollander;outline
Inferno;9;110;111;The sixth Circle: a plain of torment;hollander;outline
Inferno;9;112;117;Simile: cemeteries at Arles and Pola;hollander;outline
Inferno;9;118;123;The tombs of the heretics, glowing red with heat;hollander;outline
Inferno;9;124;131;Dante’s question and Virgil’s answer: heresy;hollander;outline
Inferno;9;132;133;Coda: the rightward turn;hollander;outline
Inferno;10;1;3;Dante & Virgil among the sepulchres;hollander;outline
Inferno;10;4;9;Dante curious about their uncovered inhabitants;hollander;outline
Inferno;10;10;12;Virgil: the tombs will be closed after Judgment Day;hollander;outline
Inferno;10;13;18;Virgil: here you will see the Epicureans, and Farinata;hollander;outline
Inferno;10;19;21;Dante was silent about this wish only to please Virgil;hollander;outline
Inferno;10;22;27;Farinata’s recognition of a fellow Tuscan;hollander;outline
Inferno;10;28;33;Dante’s fear and Virgil’s rebuke;hollander;outline
Inferno;10;34;39;Farinata’s scornful air and Virgil’s encouragement;hollander;outline
Inferno;10;40;42;Farinata: from whom are you descended?;hollander;outline
Inferno;10;43;48;Dante’s answer and Farinata’s rejoinder;hollander;outline
Inferno;10;49;51;Dante’s similar thrust;hollander;outline
Inferno;10;52;60;"Interruption: Dante’s exchange with Cavalcante—his abject appearance, ""where is his son?""";hollander;outline
Inferno;10;61;63;"Dante comes not by his own powers; he is led";hollander;outline
Inferno;10;64;66;He knows Cavalcante from his words and situation;hollander;outline
Inferno;10;67;72;The father assumes his son is dead and falls back;hollander;outline
Inferno;10;73;81;Farinata now turns Dante’s thrust back on him;hollander;outline
Inferno;10;82;84;Why are the Florentines merciless to his family?;hollander;outline
Inferno;10;85;87;Dante: they do not forget the battle of Montaperti;hollander;outline
Inferno;10;88;93;Farinata’s plea: it was he who preserved the city;hollander;outline
Inferno;10;94;99;Dante: what do the damned know of future and present?;hollander;outline
Inferno;10;100;108;Farinata explains their condition in these respects;hollander;outline
Inferno;10;109;114;Dante’s apology to Cavalcante addressed to Farinata;hollander;outline
Inferno;10;115;120;Frederick II and Ottaviano degli Ubaldini punished here;hollander;outline
Inferno;10;121;132;Virgil reassures Dante about his future;hollander;outline
Inferno;10;133;136;Coda: resumption of leftward direction in descent;hollander;outline
Inferno;11;1;9;A second group of heretics: Pope Anastasius;hollander;outline
Inferno;11;10;15;The stench of sin from lower hell;hollander;outline
Inferno;11;16;27;Virgil’s description of the sins of lower hell: malice resulting in use of violence or fraud;hollander;outline
Inferno;11;28;51;Violence (Circle 7) vs. neighbor, self, or God;hollander;outline
Inferno;11;52;60;Fraud (Circle 8) vs. others;hollander;outline
Inferno;11;61;66;Treachery, a worse form of fraud (Circle 9);hollander;outline
Inferno;11;67;75;Dante’s question: why are not the inhabitants of Circles 2–5 punished in Dis?;hollander;outline
Inferno;11;76;90;Virgil’s answer: incontinence less offensive to God than malice and mad brutishness;hollander;outline
Inferno;11;91;96;Dante still puzzled by Virgil’s words about usury;hollander;outline
Inferno;11;97;111;Virgil on the sin against art, “God’s grandchild”;hollander;outline
Inferno;11;112;115;Coda: Virgil announces it is time to go (ca. 4 am);hollander;outline
Inferno;12;1;3;Retrospect (the edge of the precipice at XI.1) and monstrous prospect (the Minotaur);hollander;outline
Inferno;12;4;10;Simile: the fallen rock along the Adige near Trent;hollander;outline
Inferno;12;11;15;The wrath of the Minotaur;hollander;outline
Inferno;12;16;21;Virgil to the Minotaur: Dante is not Theseus;hollander;outline
Inferno;12;22;25;Simile: bull’s movements after receiving mortal blow;hollander;outline
Inferno;12;26;30;The Minotaur’s fury allows a quick descent;hollander;outline
Inferno;12;31;45;Virgil’s remarks on the cause of the fallen rock;hollander;outline
Inferno;12;46;48;The river of blood (Phlegethon);hollander;outline
Inferno;12;49;51;The poet’s apostrophe of covetousness and wrath;hollander;outline
Inferno;12;52;75;"Hellscape with centaurs: Nessus, Chiron, Pholus; Nessus threatens and Virgil parries";hollander;outline
Inferno;12;76;82;Chiron’s surprise that Dante moves what he touches;hollander;outline
Inferno;12;83;96;Virgil explains his mission and asks for help;hollander;outline
Inferno;12;97;99;Chiron assigns Nessus the task of protecting them;hollander;outline
Inferno;12;100;112;Following Nessus, Dante and Virgil observe tyrants: Alexander, Dionysius, Ezzelino, Opizzo;hollander;outline
Inferno;12;113;114;Virgil’s order to Dante: let Nessus take you;hollander;outline
Inferno;12;115;126;"Nessus stops; Dante sees Guy de Montfort and others less deeply immersed in the river; they cross";hollander;outline
Inferno;12;127;138;Nessus: in the shallower part of the river are Attila, Pyrrhus, Sextus, the two Riniers;hollander;outline
Inferno;12;139;139;Coda: Nessus crosses back over the river;hollander;outline
Inferno;13;1;3;Retrospect (Nessus) and prospect (the wood);hollander;outline
Inferno;13;4;9;Description of the wood;hollander;outline
Inferno;13;10;15;The Harpies;hollander;outline
Inferno;13;16;21;Virgil urges Dante to be closely attentive;hollander;outline
Inferno;13;22;32;Dante’s puzzlement and Virgil’s instruction;hollander;outline
Inferno;13;33;39;The complaint of Pier delle Vigne;hollander;outline
Inferno;13;40;45;"Simile: Pier’s bloody words; Dante’s reaction";hollander;outline
Inferno;13;46;54;Virgil’s apology and captatio, addressed to Pier;hollander;outline
Inferno;13;55;57;Pier’s speech: capturing the goodwill of his audience;hollander;outline
Inferno;13;58;72;Narrative of the events at issue;hollander;outline
Inferno;13;73;75;Peroration, making his climactic point;hollander;outline
Inferno;13;76;78;Petition, seeking the consent of his audience;hollander;outline
Inferno;13;79;84;"Virgil urges Dante to question Pier further; he cannot, and, too moved, asks Virgil to do so instead";hollander;outline
Inferno;13;85;90;Virgil’s two questions concern the suicides’ condition;hollander;outline
Inferno;13;91;108;Pier’s responses: (1) how a dead soul becomes a thornbush;hollander;outline
Inferno;13;109;110;(2) how it will bring back its body after Judgment;hollander;outline
Inferno;13;111;114;The two poets continue to regard Pier;hollander;outline
Inferno;13;115;129;Simile: concealed hunter hearing prey approaching;hollander;outline
Inferno;13;130;135;The spendthrifts (Arcolano, Jacomo) pursued by dogs;hollander;outline
Inferno;13;136;138;The nameless Florentine suicide;hollander;outline
Inferno;13;139;151;"Virgil’s question to him; the suicide’s answering “oration”";hollander;outline
Inferno;14;1;3;Retrospect: the Florentine suicide;hollander;outline
Inferno;14;4;6;The border separating the second and third rings;hollander;outline
Inferno;14;7;15;The hellscape of violence against God: barren sand;hollander;outline
Inferno;14;16;18;Apostrophe: God’s just vengeance;hollander;outline
Inferno;14;19;27;Three classes of sins punished in the third ring;hollander;outline
Inferno;14;28;30;The hellscape: flakes of fire;hollander;outline
Inferno;14;31;39;Simile: flames from sky on Alexander’s army in India;hollander;outline
Inferno;14;40;42;The hands of the sinners in their eternal “dance”;hollander;outline
Inferno;14;43;48;Dante’s impertinent question to Virgil;hollander;outline
Inferno;14;49;60;Capaneus’s monologue;hollander;outline
Inferno;14;61;66;Virgil’s rebuke of Capaneus;hollander;outline
Inferno;14;67;72;Virgil’s “commentary” to Dante;hollander;outline
Inferno;14;73;75;Marker of separation between two halves of canto;hollander;outline
Inferno;14;76;78;The river of blood;hollander;outline
Inferno;14;79;81;Simile: the river Bulicame;hollander;outline
Inferno;14;82;84;The stone margins of the river will afford them passage;hollander;outline
Inferno;14;85;90;Virgil stresses the importance of this river;hollander;outline
Inferno;14;91;93;Dante’s heightened curiosity;hollander;outline
Inferno;14;94;102;Virgil on the Old Man of Crete: Mount Ida, paradisal past and deserted present;hollander;outline
Inferno;14;103;111;The old man within the mountain;hollander;outline
Inferno;14;112;120;Tears of the veglio form the four rivers of hell;hollander;outline
Inferno;14;121;129;The stream: Dante’s question and Virgil’s answer;hollander;outline
Inferno;14;130;138;Phlegethon and Lethe: Dante’s questions answered;hollander;outline
Inferno;14;139;142;Coda: Virgil’s advice that Dante stick to the path;hollander;outline
Inferno;15;1;3;Dante and Virgil continue along the stream;hollander;outline
Inferno;15;4;12;Double simile: earthworks in Flanders and Padua;hollander;outline
Inferno;15;13;21;The troop of souls peering at Dante and Virgil;hollander;outline
Inferno;15;22;30;Dante and Brunetto Latini recognize one another;hollander;outline
Inferno;15;31;45;They exchange courtesies and proceed together;hollander;outline
Inferno;15;46;48;Brunetto’s questions (what brings you? who leads you?);hollander;outline
Inferno;15;49;54;"Dante’s responses (my lost state; this guide)";hollander;outline
Inferno;15;55;69;Brunetto: Dante’s promising career and political adversaries;hollander;outline
Inferno;15;70;78;Brunetto’s promise of Dante’s escape and warning to those adversaries;hollander;outline
Inferno;15;79;87;Dante declares his debt to Brunetto;hollander;outline
Inferno;15;88;90;This is the second such prophecy he has heard;hollander;outline
Inferno;15;91;96;Dante says he is firm against Fortune’s turnings;hollander;outline
Inferno;15;97;99;Virgil advises Dante to listen closely;hollander;outline
Inferno;15;100;102;Dante continues, asking Brunetto of his companions;hollander;outline
Inferno;15;103;114;Brunetto: famous men of letters (Priscian, Francesco d’Accorso, Andrea de’ Mozzi);hollander;outline
Inferno;15;115;118;Brunetto must leave: he must not be with those who come;hollander;outline
Inferno;15;119;120;Brunetto, departing, commends his *Tesoro* to Dante;hollander;outline
Inferno;15;121;124;Simile: Brunetto as winner in the race at Verona;hollander;outline
Inferno;16;1;3;The sound of the waterfall at the border ahead: bees;hollander;outline
Inferno;16;4;9;Three shades see that Dante is Florentine and stop him;hollander;outline
Inferno;16;10;12;Their wounds: to remember them pains the poet even now;hollander;outline
Inferno;16;13;18;Virgil’s insistence that these are worthy of courtesy;hollander;outline
Inferno;16;19;21;The three make a wheel of themselves;hollander;outline
Inferno;16;22;27;Simile: wrestlers;hollander;outline
Inferno;16;28;45;"One of them, admitting his sins, asks who Dante is; he identifies Guido Guerra, Tegghiaio Aldobrandi, and himself (Iacopo Rusticucci)";hollander;outline
Inferno;16;46;51;Dante’s reaction is to want to embrace them;hollander;outline
Inferno;16;52;63;"Dante’s affection for them; he is on his way to heaven";hollander;outline
Inferno;16;64;72;Rusticucci: do valor and courtesy still abide in Florence, or is Guglielmo Borsiere right?;hollander;outline
Inferno;16;73;78;"Dante: he is right; their stunned reaction";hollander;outline
Inferno;16;79;85;"The three: Dante a truth-teller; they ask him to speak of them once he returns to earth";hollander;outline
Inferno;16;86;90;"They withdraw; Dante and Virgil continue on";hollander;outline
Inferno;16;91;93;The roaring waterfall;hollander;outline
Inferno;16;94;105;Simile: the Acquacheta;hollander;outline
Inferno;16;106;114;Dante’s cord and Virgil’s challenge;hollander;outline
Inferno;16;115;123;Dante’s thought and Virgil’s “reading” of his mind;hollander;outline
Inferno;16;124;136;Dante’s oath to his readers (third address in the poem) and the figure (Geryon) rising from the depths;hollander;outline
Inferno;17;1;4;Virgil indicates the presence of Geryon;hollander;outline
Inferno;17;5;9;Virgil’s invitation and Geryon’s “docking”;hollander;outline
Inferno;17;10;18;Description of Geryon;hollander;outline
Inferno;17;19;27;Similes: Geryon compared to boat, beaver, scorpion;hollander;outline
Inferno;17;28;36;At the Circle’s rim the travelers find sinners;hollander;outline
Inferno;17;37;42;Virgil will parley while Dante visits these;hollander;outline
Inferno;17;43;45;Dante moves toward them without his guide;hollander;outline
Inferno;17;46;48;The weeping eyes and busy hands of the usurers;hollander;outline
Inferno;17;49;51;Simile: dogs scratching themselves in summertime;hollander;outline
Inferno;17;52;57;Usurers not recognizable except from their pouches;hollander;outline
Inferno;17;58;78;Five are identified, three by their insignia;hollander;outline
Inferno;17;79;84;Virgil, mounted on Geryon, reassures Dante;hollander;outline
Inferno;17;85;88;Simile: man with quartan fever at the sight of shade;hollander;outline
Inferno;17;89;90;Dante’s fear displaced by his own resultant shame;hollander;outline
Inferno;17;91;99;"Dante mounts Geryon; Virgil’s ministrations";hollander;outline
Inferno;17;100;105;Similes: boat and eel (for Geryon’s departure);hollander;outline
Inferno;17;106;114;Dante’s fear: Phaeton and Icarus;hollander;outline
Inferno;17;115;126;The descent and Dante’s perceptions of it;hollander;outline
Inferno;17;127;134;Simile: sullen falcon (for Geryon’s arrival);hollander;outline
Inferno;17;135;136;Geryon, disburdened, flies up and away;hollander;outline
Inferno;18;1;9;Malebolge as castle: wall, moats, bridges, pit;hollander;outline
Inferno;18;10;18;Similes: moats around castles and overarching bridges;hollander;outline
Inferno;18;19;21;Leftward movement after Geryon has departed;hollander;outline
Inferno;18;22;25;First ditch: double file of sinners;hollander;outline
Inferno;18;26;33;Simile: bridge in Rome over Tiber during Jubilee Year;hollander;outline
Inferno;18;34;39;The punishing demons with their whips;hollander;outline
Inferno;18;40;51;Dante recognizes Venedico Caccianemico;hollander;outline
Inferno;18;52;63;Venedico’s pandering and that of other Bolognesi;hollander;outline
Inferno;18;64;66;A demon smites him and sends him off;hollander;outline
Inferno;18;67;74;Dante and Virgil mount to the crown of the ridge;hollander;outline
Inferno;18;75;78;Virgil: now Dante can watch the other group of sinners;hollander;outline
Inferno;18;79;99;View of the seducers: Jason;hollander;outline
Inferno;18;100;108;The second ditch: sound of whining, stench;hollander;outline
Inferno;18;109;114;To see within, they mount to the ridge’s crown;hollander;outline
Inferno;18;115;126;Flattery: Alessio Interminei of Lucca;hollander;outline
Inferno;18;127;136;"Flattery: Thaïs the whore; abrupt ending of canto";hollander;outline
Inferno;19;1;6;The poet’s apostrophe: Simon Magus and followers;hollander;outline
Inferno;19;7;9;The bolgia observed from the bridge;hollander;outline
Inferno;19;10;12;Apostrophe: God’s wisdom (seen in His three realms);hollander;outline
Inferno;19;13;15;Holes of punishment;hollander;outline
Inferno;19;16;18;Simile: baptismal fonts in San Giovanni;hollander;outline
Inferno;19;19;21;Allusion to something done by Dante in the Baptistry;hollander;outline
Inferno;19;22;27;The sinners’ kicking, burning feet;hollander;outline
Inferno;19;28;30;Simile: flame licking an oily surface;hollander;outline
Inferno;19;31;39;Dante’s question, Virgil’s offer, Dante’s consent;hollander;outline
Inferno;19;40;45;Descent to the bottom of the third bolgia;hollander;outline
Inferno;19;46;51;Dante, as confessor, questions Pope Nicholas III;hollander;outline
Inferno;19;52;57;Nicholas takes Dante for Pope Boniface VIII;hollander;outline
Inferno;19;58;63;Dante’s hesitation, Virgil’s urging, Dante’s consent;hollander;outline
Inferno;19;64;78;Nicholas’s reaction and self-identification;hollander;outline
Inferno;19;79;87;Nicholas’s prediction of the perfidy and death of Pope Clement V;hollander;outline
Inferno;19;88;114;The poet’s invective against simoniac popes;hollander;outline
Inferno;19;115;117;His apostrophe of the emperor Constantine;hollander;outline
Inferno;19;118;120;Nicholas responds with his feet;hollander;outline
Inferno;19;121;124;Virgil responds with his face and arms;hollander;outline
Inferno;19;125;132;"Ascent of the bank to the rim; Virgil sets Dante down";hollander;outline
Inferno;19;133;133;View of the next “valley”;hollander;outline
Inferno;20;1;3;Proem to a twentieth canto;hollander;outline
Inferno;20;4;9;First view of diviners: silent weeping;hollander;outline
Inferno;20;10;18;Second view: faces turned backwards on twisted necks;hollander;outline
Inferno;20;19;24;Address to reader (fourth in *Inferno*);hollander;outline
Inferno;20;25;30;Dante’s tears and Virgil’s rebuke;hollander;outline
Inferno;20;31;39;Amphiaraus (Statius, *Thebaid* VII–VIII);hollander;outline
Inferno;20;40;45;Tiresias (Ovid, *Metamorphoses* III);hollander;outline
Inferno;20;46;51;Aruns (Lucan, *Pharsalia* I);hollander;outline
Inferno;20;52;56;Manto (Virgil, *Aeneid* X);hollander;outline
Inferno;20;57;93;Virgil’s digression on Manto and Mantua;hollander;outline
Inferno;20;94;99;Second digression: modern-day Mantua;hollander;outline
Inferno;20;100;105;Dante’s responses;hollander;outline
Inferno;20;106;114;Eurypylus (Virgil, *Aeneid* II);hollander;outline
Inferno;20;115;117;Michael Scot (astrologer of Frederick II);hollander;outline
Inferno;20;118;118;Guido Bonati (astrologer of G. da Montefeltro);hollander;outline
Inferno;20;118;120;Asdente (astrologer in Parma);hollander;outline
Inferno;20;121;123;Crowd of female soothsayers;hollander;outline
Inferno;20;124;129;Virgil urges Dante to resume the journey;hollander;outline
Inferno;20;130;130;They depart;hollander;outline
Inferno;21;1;3;Continuation of the conversation that ends Canto XX;hollander;outline
Inferno;21;4;6;Weeping and darkness in the fifth bolgia;hollander;outline
Inferno;21;7;21;Simile: the pitch and that in the arsenal at Venice;hollander;outline
Inferno;21;22;28;Virgil’s first warning to Dante and Dante’s reaction;hollander;outline
Inferno;21;29;36;A nameless devil laden with an anonymous sinner;hollander;outline
Inferno;21;37;42;The devil will return to Lucca for more like him;hollander;outline
Inferno;21;43;45;The devil departs;hollander;outline
Inferno;21;46;54;The new victim pronged by the sporting devils;hollander;outline
Inferno;21;55;57;Simile: cooks prodding meat down in their cauldrons;hollander;outline
Inferno;21;58;63;Virgil’s second warning and claim of expertise;hollander;outline
Inferno;21;64;66;Virgil advances to meet the foe;hollander;outline
Inferno;21;67;71;Simile: Virgil as beggar, devils as watchdogs;hollander;outline
Inferno;21;72;75;Virgil’s command to the “dogs”;hollander;outline
Inferno;21;76;78;Malacoda summoned and arriving;hollander;outline
Inferno;21;79;87;Virgil’s vaunt and Malacoda’s apparent servility;hollander;outline
Inferno;21;88;91;Virgil summons Dante from his hiding-place;hollander;outline
Inferno;21;92;96;Simile: the truce at Caprona;hollander;outline
Inferno;21;97;99;These “troops” do not look peaceful to Dante;hollander;outline
Inferno;21;100;105;Malacoda restrains Scarmiglione;hollander;outline
Inferno;21;106;117;Malacoda lies about the condition of the bridges;hollander;outline
Inferno;21;118;123;Malacoda assembles his squad of ten;hollander;outline
Inferno;21;124;126;Malacoda lies about the purpose of their mission;hollander;outline
Inferno;21;127;132;Dante, terrified, longs for other guides than these;hollander;outline
Inferno;21;133;135;Virgil’s reassurance;hollander;outline
Inferno;21;136;139;"The decuria readies itself; the diabolic signal";hollander;outline
Inferno;22;1;12;Opening simile: the signal for a departure;hollander;outline
Inferno;22;13;18;The unlikely companions start their march;hollander;outline
Inferno;22;19;30;Two similes: sinners as dolphins and as frogs;hollander;outline
Inferno;22;31;36;Griffacane hooks a sinner;hollander;outline
Inferno;22;37;39;Dante explains how he came to know the devils’ names;hollander;outline
Inferno;22;40;42;The other devils urge Rubicante to flay the sinner;hollander;outline
Inferno;22;43;45;Dante asks Virgil to determine the sinner’s identity;hollander;outline
Inferno;22;46;48;"Virgil asks him; the sinner says he is from Navarre";hollander;outline
Inferno;22;49;54;Ciampolo’s autobiography;hollander;outline
Inferno;22;55;63;"Ciriatto gores Ciampolo; Barbariccia protects him";hollander;outline
Inferno;22;64;65;Virgil wants to know of any Italians in the pitch;hollander;outline
Inferno;22;66;69;Ciampolo mentions a Sardinian neighbor;hollander;outline
Inferno;22;70;73;"Libicocco attacks; Draghignazzo threatens";hollander;outline
Inferno;22;74;75;Barbariccia again controls the situation;hollander;outline
Inferno;22;76;80;Virgil insists on having the information he seeks;hollander;outline
Inferno;22;81;90;Ciampolo’s “neighbors”: Fra Gomita and Michel Zanche;hollander;outline
Inferno;22;91;93;Ciampolo observes Farfarello’s evil intent;hollander;outline
Inferno;22;94;96;The “provost,” Barbariccia, restrains Farfarello;hollander;outline
Inferno;22;97;105;Ciampolo’s stratagem, asking space to summon others;hollander;outline
Inferno;22;106;117;Dispute between Cagnazzo and Alichino;hollander;outline
Inferno;22;118;118;The fifth address to the reader in this cantica;hollander;outline
Inferno;22;119;132;Ciampolo’s escape, Alichino’s pursuit: simile of wild duck and falcon;hollander;outline
Inferno;22;133;144;Calcabrina and Alichino grapple, fall into the pitch;hollander;outline
Inferno;22;145;150;Barbariccia organizes his two rescue parties;hollander;outline
Inferno;22;151;151;Virgil and Dante make good their escape;hollander;outline
Inferno;23;1;3;Virgil and Dante continue, walking as Franciscans do;hollander;outline
Inferno;23;4;9;Aesopic second-thoughts on the preceding scene;hollander;outline
Inferno;23;10;12;Simile: one thought springing from another;hollander;outline
Inferno;23;13;18;Dante’s reflection on his present condition;hollander;outline
Inferno;23;19;24;His resultant request to Virgil that they hide;hollander;outline
Inferno;23;25;33;Virgil’s plan to escape into the next bolgia;hollander;outline
Inferno;23;34;36;The Malebranche are back in force;hollander;outline
Inferno;23;37;51;"Similes: mother escaping with babe; water through sluice (Virgil seizes Dante and carries him)";hollander;outline
Inferno;23;52;57;View of the Malebranche from floor of sixth bolgia;hollander;outline
Inferno;23;58;67;The hypocrites in their gilded leaden cloaks;hollander;outline
Inferno;23;68;75;Dante hopes Virgil will find a being familiar to him;hollander;outline
Inferno;23;76;93;Dante’s Tuscan speech catches the interest of two;hollander;outline
Inferno;23;94;99;Dante explains his origin and condition and asks of their identities and punishment;hollander;outline
Inferno;23;100;108;Catalano identifies Loderingo and responds;hollander;outline
Inferno;23;109;110;Dante’s interrupted apostrophe of evil friars;hollander;outline
Inferno;23;111;123;Caiaphas and Catalano’s gloss on him;hollander;outline
Inferno;23;124;126;Virgil’s wonderment at Caiaphas;hollander;outline
Inferno;23;127;132;Virgil asks Catalano for directions;hollander;outline
Inferno;23;133;138;Catalano reveals what Malacoda concealed;hollander;outline
Inferno;23;139;144;Virgil’s response and Catalano’s rejoinder;hollander;outline
Inferno;23;145;148;Virgil, in some anger, departs, with Dante following;hollander;outline
Inferno;24;1;21;The elaborate opening simile: peasant and hoarfrost;hollander;outline
Inferno;24;22;24;Virgil, back and prudently calculating, embraces Dante;hollander;outline
Inferno;24;25;30;Simile: a provident man;hollander;outline
Inferno;24;31;42;The difficult ascent out of the sixth bolgia;hollander;outline
Inferno;24;43;45;Dante’s arrival and temporary repose;hollander;outline
Inferno;24;46;57;Virgil urges Dante upward and onward;hollander;outline
Inferno;24;58;60;Dante’s forced assurances of his readiness;hollander;outline
Inferno;24;61;63;Along the ridge over the seventh bolgia;hollander;outline
Inferno;24;64;69;Dante’s curiosity about a voice from below;hollander;outline
Inferno;24;70;78;His desire to find its source and Virgil’s assent;hollander;outline
Inferno;24;79;81;Over the bridge to the edge of the eighth bolgia and a closer look into the seventh;hollander;outline
Inferno;24;82;96;The serpents and the sinners;hollander;outline
Inferno;24;97;111;“Death and resurrection” of Vanni Fucci;hollander;outline
Inferno;24;112;118;Simile: a man possessed or in epileptic fit;hollander;outline
Inferno;24;119;120;Exclamation of the poet: God’s power;hollander;outline
Inferno;24;121;126;Virgil begets response from Vanni;hollander;outline
Inferno;24;127;129;Dante’s further request of Vanni through Virgil;hollander;outline
Inferno;24;130;139;Vanni’s confession;hollander;outline
Inferno;24;140;151;Vanni’s prophecy of Dante’s political misery;hollander;outline
Inferno;25;1;9;Vanni’s blasphemy and the serpents’ attack;hollander;outline
Inferno;25;10;15;The poet’s apostrophe: Pistoia;hollander;outline
Inferno;25;16;18;Vanni Fucci’s flight and the centaur’s pursuit;hollander;outline
Inferno;25;19;24;The poet’s fanciful demon, Cacus;hollander;outline
Inferno;25;25;33;Virgil’s “certification” of Cacus;hollander;outline
Inferno;25;34;45;The sudden appearance of three thieves;hollander;outline
Inferno;25;46;48;Sixth address to the reader;hollander;outline
Inferno;25;49;78;Agnello shares a new shape with Cianfa;hollander;outline
Inferno;25;79;84;Simile: lizard darting across path;hollander;outline
Inferno;25;85;93;“Mating” of a serpent (Francesco) and a “man” (Buoso);hollander;outline
Inferno;25;94;102;The poet’s claim to have surpassed Lucan and Ovid;hollander;outline
Inferno;25;103;141;Buoso changes shape with serpent Francesco;hollander;outline
Inferno;25;142;144;The poet’s apology;hollander;outline
Inferno;25;145;151;Puccio alone is not transmogified;hollander;outline
Inferno;26;1;12;Ironic apostrophe of Florence;hollander;outline
Inferno;26;13;18;Narrative rejoined: climbing out of the seventh bolgia;hollander;outline
Inferno;26;19;24;Dante’s reaction to the denizens of the next bolgia;hollander;outline
Inferno;26;25;33;Simile (1): peasant and fireflies;hollander;outline
Inferno;26;34;42;Simile (2): Elisha/Elijah’s chariot: Dante/flames;hollander;outline
Inferno;26;43;45;Narrative: Dante’s intense reaction;hollander;outline
Inferno;26;46;48;Virgil: the relation between flame and sinner;hollander;outline
Inferno;26;49;54;Dante: but what about that double flame?;hollander;outline
Inferno;26;55;63;Virgil: the causes of the damnation of these two;hollander;outline
Inferno;26;64;69;Dante’s eagerness to speak with them;hollander;outline
Inferno;26;70;75;Virgil’s approval, but only he will speak;hollander;outline
Inferno;26;76;84;Virgil addresses Ulysses and Diomedes;hollander;outline
Inferno;26;85;89;The greater flame prepares to speak: leaving Circe but not going home;hollander;outline
Inferno;26;90;99;Setting forth and the places left behind;hollander;outline
Inferno;26;100;111;Ulysses’ oration to his men and their reaction;hollander;outline
Inferno;26;112;123;The beginning of the last voyage;hollander;outline
Inferno;26;124;129;The destination, after five months: the mountain;hollander;outline
Inferno;26;130;135;Storm and death;hollander;outline
Inferno;26;136;142;Coda;hollander;outline
Inferno;27;1;6;One flame departs, another comes;hollander;outline
Inferno;27;7;15;Simile: the new flame as brazen Sicilian bull;hollander;outline
Inferno;27;16;18;Guido da Montefeltro: his difficulty producing words;hollander;outline
Inferno;27;19;30;Guido questions Virgil about Romagna;hollander;outline
Inferno;27;31;33;Virgil directs Dante to speak to his fellow Italian;hollander;outline
Inferno;27;34;54;Dante reports on Romagna’s troubled present;hollander;outline
Inferno;27;55;57;Dante offers fame in exchange for Guido’s identity;hollander;outline
Inferno;27;58;66;Guido agrees because he believes Dante is damned;hollander;outline
Inferno;27;67;72;Guido’s autobiography: soldier, friar, dupe of Boniface;hollander;outline
Inferno;27;73;78;The covert ways of “the fox” are renowned;hollander;outline
Inferno;27;79;84;Old age and his failure to furl his sails;hollander;outline
Inferno;27;85;111;Boniface’s stratagem, Guido’s evil advice;hollander;outline
Inferno;27;112;123;"His death; Francis and the fallen Cherub";hollander;outline
Inferno;27;124;129;Guido’s descent to the underworld;hollander;outline
Inferno;27;130;132;The departure of Guido’s flame-covered shade;hollander;outline
Inferno;27;133;136;The poets move to the bridge over the ninth bolgia;hollander;outline
Inferno;28;1;6;A self-conscious (Virgilian) opening;hollander;outline
Inferno;28;7;21;Simile: corpses on the fields of Puglia;hollander;outline
Inferno;28;22;24;Simile: gaping cask and Mohammed;hollander;outline
Inferno;28;25;27;The physical appearance of Mohammed;hollander;outline
Inferno;28;28;33;Mohammed identifies himself and then Alì;hollander;outline
Inferno;28;34;36;The nature of their sin: schism;hollander;outline
Inferno;28;37;42;The nature of their punishment by a devil;hollander;outline
Inferno;28;43;45;Mohammed wants to know the reason Dante is damned;hollander;outline
Inferno;28;46;51;Virgil responds that he, dead, leads Dante, alive;hollander;outline
Inferno;28;52;54;Wonderment of the other shades;hollander;outline
Inferno;28;55;60;Mohammed’s advice for Fra Dolcino;hollander;outline
Inferno;28;61;63;Mohammed’s foot had been suspended while he spoke;hollander;outline
Inferno;28;64;69;Pier da Medicina: his disfigurement;hollander;outline
Inferno;28;70;75;His salute of Dante and desire to be remembered;hollander;outline
Inferno;28;76;90;His warning to the “two best men of Fano”;hollander;outline
Inferno;28;91;93;Dante’s curiosity about another shade;hollander;outline
Inferno;28;94;102;Pier reveals Curio;hollander;outline
Inferno;28;103;111;"Mosca reveals himself; Dante’s curses; his retreat";hollander;outline
Inferno;28;112;117;Dante’s good conscience in relating the incredible;hollander;outline
Inferno;28;118;126;The description of decapitated Bertran de Born;hollander;outline
Inferno;28;127;138;Bertran reveals himself as an instigator of discord;hollander;outline
Inferno;28;139;142;Bertran and the law of *contrapasso*;hollander;outline
Inferno;29;1;3;Dante longs to remain in order to weep;hollander;outline
Inferno;29;4;7;Virgil’s rebuke: why do you wish to stay on here?;hollander;outline
Inferno;29;8;12;Virgil on the space and time left for the journey;hollander;outline
Inferno;29;13;21;Dante: had you understood my motive, you might have let me stay longer—I was looking for a relative;hollander;outline
Inferno;29;22;30;Virgil: I saw him there threatening you while you were occupied with Bertran de Born;hollander;outline
Inferno;29;31;36;Dante: what you say makes me pity him the more;hollander;outline
Inferno;29;37;39;First dim view of the bolgia;hollander;outline
Inferno;29;40;45;Dante covers his ears so as not to feel pity;hollander;outline
Inferno;29;46;51;Similes: hospitals (both eye and nose);hollander;outline
Inferno;29;52;57;A closer view reveals the falsifiers;hollander;outline
Inferno;29;58;72;Simile: plague in Aegina;hollander;outline
Inferno;29;73;84;"Comparisons: they sit leaning on one another like pans; they scratch as stableboys curry horses; their nails are like knives scaling fish";hollander;outline
Inferno;29;85;90;Virgil addresses a sinner: Are there Italians here?;hollander;outline
Inferno;29;91;93;"Griffolino of Arezzo: We both are; who are you?";hollander;outline
Inferno;29;94;96;Virgil: I lead this living man through hell;hollander;outline
Inferno;29;97;108;"They are thunderstruck at such a presence; Virgil’s advice to Dante; Dante’s promise of fame";hollander;outline
Inferno;29;109;120;Griffolino: I died at the hands of Albero of Siena, not for alchemy, but for failed magicianship;hollander;outline
Inferno;29;121;123;Dante: the French are not as vain as the Sienese;hollander;outline
Inferno;29;124;135;Capocchio (ironically): Sienese exceptions;hollander;outline
Inferno;29;136;139;Capocchio’s own sins in alchemy;hollander;outline
Inferno;30;1;27;Opening double simile: (1) Juno vs. Thebes: Athamas (2) Fortuna vs. Troy: Hecuba;hollander;outline
Inferno;30;28;33;Gianni Schicchi and Myrrha;hollander;outline
Inferno;30;34;36;Griffolino identifies Gianni, attacking Capocchio;hollander;outline
Inferno;30;37;45;Dante asks Griffolino about the second shade;hollander;outline
Inferno;30;46;57;Griffolino: Myrrha became another, as did Gianni;hollander;outline
Inferno;30;58;75;Dante observes a lute-shaped sinner;hollander;outline
Inferno;30;76;90;"Master Adam: his dropsical thirst; his sin";hollander;outline
Inferno;30;91;93;Master Adam: his desires for revenge;hollander;outline
Inferno;30;94;99;Dante: who are those “wet hands in winter”?;hollander;outline
Inferno;30;100;129;Master Adam: Potiphar’s wife and Sinon;hollander;outline
Inferno;30;130;132;Sinon and Master Adam: battle of blows and words;hollander;outline
Inferno;30;133;135;"Dante fixed upon their quarrel; Virgil’s rebuke";hollander;outline
Inferno;30;136;141;Dante’s shame;hollander;outline
Inferno;30;142;148;"Simile: dreamer dreaming he’s not dreaming; Virgil’s acceptance of Dante’s blush";hollander;outline
Inferno;31;1;6;Simile: Virgil’s tongue, Achilles’ lance;hollander;outline
Inferno;31;7;18;Leaving Malebolge: the horn in the gloom (Roland);hollander;outline
Inferno;31;19;21;Satan’s “walled city”: Dante’s misperception;hollander;outline
Inferno;31;22;33;"Virgil: soon you will see the cause of your error; let me tell you now: those are giants, not towers";hollander;outline
Inferno;31;34;39;Simile: lifting mist;hollander;outline
Inferno;31;40;45;Simile: Monteriggioni;hollander;outline
Inferno;31;46;48;The first giant (Nimrod);hollander;outline
Inferno;31;49;57;Digression: nature’s benevolent cessation;hollander;outline
Inferno;31;58;66;Nimrod’s bulk, face to belly;hollander;outline
Inferno;31;67;69;Nimrod’s words;hollander;outline
Inferno;31;70;75;Virgil’s response: blow your horn;hollander;outline
Inferno;31;76;81;Virgil: Nimrod and the confusion of tongues;hollander;outline
Inferno;31;82;90;Ephialtes in chains;hollander;outline
Inferno;31;91;96;Virgil: Ephialtes and the assault on Olympus;hollander;outline
Inferno;31;97;99;Dante: and where is Briareus?;hollander;outline
Inferno;31;100;105;"Virgil: unbound Antaeus is next; Briareus further on";hollander;outline
Inferno;31;106;111;"Ephialtes shakes with rage; Dante’s fear";hollander;outline
Inferno;31;112;114;Arrival before Antaeus;hollander;outline
Inferno;31;115;129;"Virgil’s *captatio* of Antaeus: his prowess; do not make us proceed to Tityus or Typhon";hollander;outline
Inferno;31;130;135;Antaeus holding Virgil holding Dante;hollander;outline
Inferno;31;136;140;Simile: the Garisenda tower of Bologna;hollander;outline
Inferno;31;141;144;Dante, fearful but safe, arrives on the floor of hell;hollander;outline
Inferno;31;145;145;Comparison: Antaeus as raised mast of ship;hollander;outline
Inferno;32;1;9;The poet’s disclaimer;hollander;outline
Inferno;32;10;12;Second invocation of the poem;hollander;outline
Inferno;32;13;15;Apostrophe of the denizens of all Cocytus;hollander;outline
Inferno;32;16;21;Beneath the giants’ feet: a mysterious voice;hollander;outline
Inferno;32;22;24;Dante turns to gaze at frozen “lake”;hollander;outline
Inferno;32;25;30;Simile: neither Danube nor Don ices so thickly;hollander;outline
Inferno;32;31;35;Simile: frogs’ snouts out of water;hollander;outline
Inferno;32;36;39;The sinners’ teeth chatter, their heads tilted down;hollander;outline
Inferno;32;40;51;Two intertwined sinners, glued together by tears;hollander;outline
Inferno;32;52;69;"Another (Camicione de’ Pazzi) informs Dante: the two are Alessandro and Napoleone degli Alberti; also here: Mordred, Focaccia, Sassol Mascheroni; Sassol’s relative (Carlino de’ Pazzi) coming soon";hollander;outline
Inferno;32;70;78;Moving toward the center, Dante kicks a head;hollander;outline
Inferno;32;79;84;"Bocca’s complaint; Dante wants to converse";hollander;outline
Inferno;32;85;102;The nasty exchange between Dante and Bocca;hollander;outline
Inferno;32;103;108;Dante pulls his hair, Bocca still resists, only to be betrayed by Buoso da Duera;hollander;outline
Inferno;32;109;111;Dante: now I can name you above;hollander;outline
Inferno;32;112;123;Bocca informs on others for Dante to reveal;hollander;outline
Inferno;32;124;126;Two in one hole, the one gnawing the other’s nape;hollander;outline
Inferno;32;127;132;"Similes: eating bread; Tydeus chewing head";hollander;outline
Inferno;32;133;139;Dante offers one of the sinners (Ugolino) a deal;hollander;outline
Inferno;33;1;3;A gruesome opening rhetorical flourish;hollander;outline
Inferno;33;4;21;Ugolino’s speech: Ruggieri the culprit;hollander;outline
Inferno;33;22;39;Ugolino’s dream and the children;hollander;outline
Inferno;33;40;42;Address to Dante;hollander;outline
Inferno;33;43;54;Day 1, the door nailed shut;hollander;outline
Inferno;33;55;64;Day 2, hunger;hollander;outline
Inferno;33;65;66;Day 3, silence;hollander;outline
Inferno;33;67;70;"Day 4, Gaddo’s cry for help; his death";hollander;outline
Inferno;33;71;72;Days 5 and 6, the other three children die;hollander;outline
Inferno;33;73;75;Days 6 and 7, grief and death;hollander;outline
Inferno;33;76;78;Ugolino resumes his cannibalistic behavior;hollander;outline
Inferno;33;79;90;Apostrophe of Pisa as “modern Thebes”;hollander;outline
Inferno;33;91;99;New assemblage of sinners, faces upturned;hollander;outline
Inferno;33;100;105;Dante feels the wind even on his callused face;hollander;outline
Inferno;33;106;108;Virgil: soon you will see the wind’s source;hollander;outline
Inferno;33;109;114;Fra Alberigo’s request: clear out my iced-over eyes;hollander;outline
Inferno;33;115;120;Dante offers a bargain that Alberigo accepts;hollander;outline
Inferno;33;121;138;Dante: are you already dead? Alberigo’s response;hollander;outline
Inferno;33;139;141;Dante: Branca d’Oria is still alive;hollander;outline
Inferno;33;142;147;Alberigo: but his and his kinsman’s souls are here;hollander;outline
Inferno;33;148;150;"Again Alberigo asks for aid; Dante does not give it";hollander;outline
Inferno;33;151;157;Apostrophe of Genoa;hollander;outline
Inferno;34;1;3;Virgil’s Latin beginning;hollander;outline
Inferno;34;4;7;Simile: mill seen through fog or twilight;hollander;outline
Inferno;34;8;9;Dante retreats behind Virgil to escape the wind;hollander;outline
Inferno;34;10;15;The souls here are completely covered by ice;hollander;outline
Inferno;34;16;21;Virgil announces Satan and encourages Dante;hollander;outline
Inferno;34;22;27;The seventh address to the reader in *Inferno*;hollander;outline
Inferno;34;28;36;Lucifer: his size, his ugliness;hollander;outline
Inferno;34;37;45;His three-faced head: white-yellow (Cassius), red (Judas), black (Brutus);hollander;outline
Inferno;34;46;52;His six wings, congealing Cocytus;hollander;outline
Inferno;34;53;54;Tears from his six eyes mix with blood at his chins;hollander;outline
Inferno;34;55;60;"Each of his three jaws chews a sinner; with his talons he flays the one in the center";hollander;outline
Inferno;34;61;67;Virgil identifies Judas, Brutus, and Cassius;hollander;outline
Inferno;34;68;69;Virgil: it is time to depart, we have seen it all;hollander;outline
Inferno;34;70;81;"Dante attaches himself to Virgil; they turn around";hollander;outline
Inferno;34;82;84;Virgil’s encouragement: “hold fast”;hollander;outline
Inferno;34;85;93;"Arrival at a ledge; Dante sees Lucifer’s legs above";hollander;outline
Inferno;34;94;96;Virgil: it is already 7:30 AM Saturday;hollander;outline
Inferno;34;97;105;Dante’s three questions: (1) Where’s the ice? (2) Why is Lucifer upside down? (3) How is it already morning?;hollander;outline
Inferno;34;106;126;"Virgil’s responses: (1) Behind us; (3) Because of where we are; (2) Lucifer’s fall";hollander;outline
Inferno;34;127;132;A watercourse leads them gently upward;hollander;outline
Inferno;34;133;139;They return to earth, under heaven;hollander;outline
